Flow Duration,Total Fwd Packets,Total Backward Packets,Total Length of Fwd Packets,Total Length of Bwd Packets,Fwd Packet Length Max,Fwd Packet Length Min,Fwd Packet Length Mean,Fwd Packet Length Std,Bwd Packet Length Max,Bwd Packet Length Min,Bwd Packet Length Mean,Bwd Packet Length Std,Flow Bytes/s,Flow Packets/s,Flow IAT Mean,Flow IAT Std,Flow IAT Max,Flow IAT Min,Fwd IAT Total,Fwd IAT Mean,Fwd IAT Std,Fwd IAT Max,Fwd IAT Min,Bwd IAT Total,Bwd IAT Mean,Bwd IAT Std,Bwd IAT Max,Bwd IAT Min,Fwd PSH Flags,Bwd PSH Flags,Fwd URG Flags,Bwd URG Flags,Fwd Header Length,Bwd Header Length,Fwd Packets/s,Bwd Packets/s,Min Packet Length,Max Packet Length,Packet Length Mean,Packet Length Std,Packet Length Variance,FIN Flag Count,SYN Flag Count,RST Flag Count,PSH Flag Count,ACK Flag Count,URG Flag Count,CWE Flag Count,ECE Flag Count,Down/Up Ratio,Average Packet Size,Avg Fwd Segment Size,Avg Bwd Segment Size,Fwd Avg Bytes/Bulk,Fwd Avg Packets/Bulk,Fwd Avg Bulk Rate,Bwd Avg Bytes/Bulk,Bwd Avg Packets/Bulk,Bwd Avg Bulk Rate,Subflow Fwd Packets,Subflow Fwd Bytes,Subflow Bwd Packets,Subflow Bwd Bytes,Init Win Bytes Fwd,Init Win Bytes Bwd,Act Data Pkt Fwd,Min Seg Size Fwd,Active Mean,Active Std,Active Max,Active Min,Idle Mean,Idle Std,Idle Max,Idle Min,Label
66039988,5,5,320,263,320,0,64,143.108351,237,0,52.6,103.695709,8.827985,0.151423,7337776.444,21200000,63900000,4,2162243,540560.75,360378.3962,723876,4,65700000,16400000,31900000,64300000,309,0,0,0,0,168,168,0.075712,0.075712,0,320,53,113.289894,12834.6,0,0,0,1,0,0,0,0,1,58.3,64,52.6,0,0,0,0,0,0,5,320,5,263,65535,61,1,32,0,0,0,0,0,0,0,0,asware
3334,1,1,0,0,0,0,0,0,0,0,0,0,0,599.880024,3334,0,3334,3334,0,0,0,0,0,0,0,0,0,0,0,0,0,0,32,32,299.940012,299.940012,0,0,0,0,0,0,0,0,0,1,1,0,0,1,0,0,0,0,0,0,0,0,0,1,0,1,0,48,1654,0,32,0,0,0,0,0,0,0,0,benign
55236,1,1,41,151,41,41,41,0,151,151,151,0,3475.993917,36.20827,55236,0,55236,55236,0,0,0,0,0,0,0,0,0,0,0,0,0,0,8,8,18.104135,18.104135,41,151,77.666667,63.50853,4033.333333,0,0,0,0,0,0,0,0,1,116.5,41,151,0,0,0,0,0,0,1,41,1,151,-1,-1,0,8,0,0,0,0,0,0,0,0,benign
300590,2,3,55,0,55,0,27.5,38.890873,0,0,0,0,182.973486,16.633953,75147.5,109169.6694,232849,3,232849,232849,0,232849,232849,3625,1812.5,2559.019441,3622,3,0,0,0,0,64,120,6.653581,9.980372,0,55,9.166667,22.453656,504.166667,0,0,0,0,1,1,0,0,1,11,27.5,0,0,0,0,0,0,0,2,55,3,0,350,1589,1,32,0,0,0,0,0,0,0,0,benign
27518622,9,6,408,3482,204,0,45.333333,89.955545,1338,0,580.333333,613.935719,141.358822,0.545085,1965615.857,7295840.311,27300000,1,27500000,3439827.75,9646707.897,27300000,1,194934,38986.8,78125.47703,178326,110,0,0,0,0,296,200,0.327051,0.218034,0,1338,243.125,450.391071,202852.1167,0,0,0,1,0,0,0,0,0,259.333333,45.333333,580.333333,0,0,0,0,0,0,9,408,6,3482,65535,972,2,32,0,0,0,0,0,0,0,0,asware
267988,12,9,4191,919,1338,0,349.25,535.548848,614,0,102.111111,198.85764,19068.01797,78.361718,13399.4,28717.61851,127879,2,267988,24362.54545,52614.3532,179375,2,239056,29882,41819.39285,127879,15,0,0,0,0,392,296,44.778124,33.583593,0,1338,232.272727,427.725232,182948.8745,0,0,0,1,0,0,0,0,0,243.333333,349.25,102.111111,0,0,0,0,0,0,12,4191,9,919,65535,298,7,32,0,0,0,0,0,0,0,0,benign
15028255,5,0,0,0,0,0,0,0,0,0,0,0,0,0.332707,3757063.75,3107509.624,8022505,996124,15000000,3757063.75,3107509.624,8022505,996124,0,0,0,0,0,0,0,0,0,200,0,0.332707,0,0,0,0,0,0,0,0,0,1,0,0,0,0,0,0,0,0,0,0,0,0,0,0,5,0,0,0,65535,-1,0,40,7005750,0,7005750,7005750,8022505,0,8022505,8022505,asware
931,1,1,42,84,42,42,42,0,84,84,84,0,135338.3459,2148.227712,931,0,931,931,0,0,0,0,0,0,0,0,0,0,0,0,0,0,8,8,1074.113856,1074.113856,42,84,56,24.248711,588,0,0,0,0,0,0,0,0,1,84,42,84,0,0,0,0,0,0,1,42,1,84,-1,-1,0,8,0,0,0,0,0,0,0,0,benign
3656,1,1,0,0,0,0,0,0,0,0,0,0,0,547.045952,3656,0,3656,3656,0,0,0,0,0,0,0,0,0,0,0,0,0,0,32,32,273.522976,273.522976,0,0,0,0,0,0,0,0,0,1,1,0,0,1,0,0,0,0,0,0,0,0,0,1,0,1,0,70,1369,0,32,0,0,0,0,0,0,0,0,benign
